task_round,column_name,sample_size,mean,std,std_error,ci_lower,ci_upper,min,max
0,mouse_distance,15,161544.93333333332,47012.283962763984,12138.519523663928,125410.46968642969,197679.39698023695,98043.0,269443.0
0,mouse_click,15,326.3333333333333,67.08965808693783,17.322475231564,274.7670488034055,377.89961786326114,228.0,470.0
0,keyboard_press,15,373.2,98.69022241336778,25.481705856031954,297.34496906967524,449.05503093032473,237.0,580.0
0,duration,15,763.4245999999999,169.7616903987469,43.83227998255775,632.9427958143311,893.9064041856687,474.63,1143.378
1,mouse_distance,15,17693.066666666666,8779.771374902399,2266.9272212337055,10944.780839374907,24441.352493958424,3804.0,43405.0
1,mouse_click,15,11.8,6.862458257310811,1.7718791029738896,6.52539456658612,17.074605433413883,2.0,26.0
1,keyboard_press,15,1028.6666666666667,238.50273699803856,61.58114189455272,845.3492918595067,1211.9840414738267,753.0,1643.0
1,duration,15,428.39806666666664,106.5024538086434,27.498815328740037,346.538418058601,510.2577152747323,259.80899999999997,609.3629999999999
